"week","franchise_id","franchise_score","opponent_id","opponent_score","result","season"
"1","1","156.82","10","174.56","L","2021"
"1","2","179.92","8","130.58","W","2021"
"1","3","106.14","14","210.8","L","2021"
"1","4","143.24","13","176.28","L","2021"
"1","5","153.64","9","201.44","L","2021"
"1","6","198.36","11","163.86","W","2021"
"1","7","166.96","12","143.74","W","2021"
"1","8","130.58","2","179.92","L","2021"
"1","9","201.44","5","153.64","W","2021"
"1","10","174.56","1","156.82","W","2021"
"1","11","163.86","6","198.36","L","2021"
"1","12","143.74","7","166.96","L","2021"
"1","13","176.28","4","143.24","W","2021"
"1","14","210.8","3","106.14","W","2021"
"2","1","137.84","5","167.46","L","2021"
"2","2","189.34","6","141.86","W","2021"
"2","3","118.14","7","186.78","L","2021"
"2","4","126.92","11","160.66","L","2021"
"2","5","167.46","1","137.84","W","2021"
"2","6","141.86","2","189.34","L","2021"
"2","7","186.78","3","118.14","W","2021"
"2","8","143.34","9","206","L","2021"
"2","9","206","8","143.34","W","2021"
"2","10","118.84","12","160.94","L","2021"
"2","11","160.66","4","126.92","W","2021"
"2","12","160.94","10","118.84","W","2021"
"2","13","174.38","14","80.62","W","2021"
"2","14","80.62","13","174.38","L","2021"
"3","1","82.24","8","118.82","L","2021"
"3","2","185.42","4","138.72","W","2021"
"3","3","113.86","10","216.9","L","2021"
"3","4","138.72","2","185.42","L","2021"
"3","5","178.2","12","129.04","W","2021"
"3","6","151.1","9","129.08","W","2021"
"3","7","122.5","14","168.3","L","2021"
"3","8","118.82","1","82.24","W","2021"
"3","9","129.08","6","151.1","L","2021"
"3","10","216.9","3","113.86","W","2021"
"3","11","212.14","13","166.5","W","2021"
"3","12","129.04","5","178.2","L","2021"
"3","13","166.5","11","212.14","L","2021"
"3","14","168.3","7","122.5","W","2021"
"4","1","116.66","6","133.36","L","2021"
"4","2","128.98","13","214.28","L","2021"
"4","3","119.2","5","140.52","L","2021"
"4","4","158","9","145.24","W","2021"
"4","5","140.52","3","119.2","W","2021"
"4","6","133.36","1","116.66","W","2021"
"4","7","132.7","10","149.62","L","2021"
"4","8","199.5","12","135.62","W","2021"
"4","9","145.24","4","158","L","2021"
"4","10","149.62","7","132.7","W","2021"
"4","11","190.14","14","129.44","W","2021"
"4","12","135.62","8","199.5","L","2021"
"4","13","214.28","2","128.98","W","2021"
"4","14","129.44","11","190.14","L","2021"
"5","1","111.76","4","119","L","2021"
"5","2","186.1","11","193.48","L","2021"
"5","3","129.98","8","94.36","W","2021"
"5","4","119","1","111.76","W","2021"
"5","5","179.88","7","244.46","L","2021"
"5","6","159.38","12","179.18","L","2021"
"5","7","244.46","5","179.88","W","2021"
"5","8","94.36","3","129.98","L","2021"
"5","9","132.04","13","199.5","L","2021"
"5","10","144.88","14","178.96","L","2021"
"5","11","193.48","2","186.1","W","2021"
"5","12","179.18","6","159.38","W","2021"
"5","13","199.5","9","132.04","W","2021"
"5","14","178.96","10","144.88","W","2021"
"6","1","176.32","13","180.12","L","2021"
"6","2","131.04","14","138.68","L","2021"
"6","3","136.16","6","175.82","L","2021"
"6","4","200.84","12","134.5","W","2021"
"6","5","156.42","10","157.58","L","2021"
"6","6","175.82","3","136.16","W","2021"
"6","7","105.74","8","131.82","L","2021"
"6","8","131.82","7","105.74","W","2021"
"6","9","113.9","11","155.82","L","2021"
"6","10","157.58","5","156.42","W","2021"
"6","11","155.82","9","113.9","W","2021"
"6","12","134.5","4","200.84","L","2021"
"6","13","180.12","1","176.32","W","2021"
"6","14","138.68","2","131.04","W","2021"
"7","1","142.04","11","129","W","2021"
"7","2","148.68","9","146.32","W","2021"
"7","3","137.08","4","101.08","W","2021"
"7","4","101.08","3","137.08","L","2021"
"7","5","113.18","14","100.12","W","2021"
"7","6","163.48","7","168.06","L","2021"
"7","7","168.06","6","163.48","W","2021"
"7","8","151.36","10","141.88","W","2021"
"7","9","146.32","2","148.68","L","2021"
"7","10","141.88","8","151.36","L","2021"
"7","11","129","1","142.04","L","2021"
"7","12","76.98","13","181.64","L","2021"
"7","13","181.64","12","76.98","W","2021"
"7","14","100.12","5","113.18","L","2021"
"8","1","147.72","2","170.56","L","2021"
"8","2","170.56","1","147.72","W","2021"
"8","3","118.24","13","182.76","L","2021"
"8","4","141.78","7","121.9","W","2021"
"8","5","143.84","8","133.04","W","2021"
"8","6","148.48","10","116.9","W","2021"
"8","7","121.9","4","141.78","L","2021"
"8","8","133.04","5","143.84","L","2021"
"8","9","109","14","110.1","L","2021"
"8","10","116.9","6","148.48","L","2021"
"8","11","149","12","93.06","W","2021"
"8","12","93.06","11","149","L","2021"
"8","13","182.76","3","118.24","W","2021"
"8","14","110.1","9","109","W","2021"
"9","1","155.7","9","134.96","W","2021"
"9","2","136.62","12","97.84","W","2021"
"9","3","139.16","11","127.48","W","2021"
"9","4","88.1","10","81.56","W","2021"
"9","5","154.92","6","148.26","W","2021"
"9","6","148.26","5","154.92","L","2021"
"9","7","144.74","13","99.18","W","2021"
"9","8","116.08","14","148.6","L","2021"
"9","9","134.96","1","155.7","L","2021"
"9","10","81.56","4","88.1","L","2021"
"9","11","127.48","3","139.16","L","2021"
"9","12","97.84","2","136.62","L","2021"
"9","13","99.18","7","144.74","L","2021"
"9","14","148.6","8","116.08","W","2021"
"10","1","129.62","14","144.16","L","2021"
"10","2","160.44","3","127.5","W","2021"
"10","3","127.5","2","160.44","L","2021"
"10","4","124.9","5","124.64","W","2021"
"10","5","124.64","4","124.9","L","2021"
"10","6","140.24","8","44.9","W","2021"
"10","7","109.66","11","116.08","L","2021"
"10","8","44.9","6","140.24","L","2021"
"10","9","130.96","12","110.58","W","2021"
"10","10","126.54","13","169.32","L","2021"
"10","11","116.08","7","109.66","W","2021"
"10","12","110.58","9","130.96","L","2021"
"10","13","169.32","10","126.54","W","2021"
"10","14","144.16","1","129.62","W","2021"
"11","1","157.72","12","154.62","W","2021"
"11","2","165","7","98.78","W","2021"
"11","3","136.7","9","169.54","L","2021"
"11","4","98.38","8","119.2","L","2021"
"11","5","215.68","13","176.72","W","2021"
"11","6","168.36","14","98.36","W","2021"
"11","7","98.78","2","165","L","2021"
"11","8","119.2","4","98.38","W","2021"
"11","9","169.54","3","136.7","W","2021"
"11","10","121.62","11","150.28","L","2021"
"11","11","150.28","10","121.62","W","2021"
"11","12","154.62","1","157.72","L","2021"
"11","13","176.72","5","215.68","L","2021"
"11","14","98.36","6","168.36","L","2021"
"12","1","122.94","3","161","L","2021"
"12","2","126.4","10","108.9","W","2021"
"12","3","161","1","122.94","W","2021"
"12","4","132.6","6","119.26","W","2021"
"12","5","122.68","11","191.6","L","2021"
"12","6","119.26","4","132.6","L","2021"
"12","7","137.78","9","143.8","L","2021"
"12","8","129.68","13","164.7","L","2021"
"12","9","143.8","7","137.78","W","2021"
"12","10","108.9","2","126.4","L","2021"
"12","11","191.6","5","122.68","W","2021"
"12","12","140.34","14","94.62","W","2021"
"12","13","164.7","8","129.68","W","2021"
"12","14","94.62","12","140.34","L","2021"
"13","1","113.92","7","176.06","L","2021"
"13","2","210.84","5","173.86","W","2021"
"13","3","85.46","12","105.32","L","2021"
"13","4","216.26","14","102.72","W","2021"
"13","5","173.86","2","210.84","L","2021"
"13","6","138.42","13","155.92","L","2021"
"13","7","176.06","1","113.92","W","2021"
"13","8","104.4","11","108.4","L","2021"
"13","9","140.46","10","79.92","W","2021"
"13","10","79.92","9","140.46","L","2021"
"13","11","108.4","8","104.4","W","2021"
"13","12","105.32","3","85.46","W","2021"
"13","13","155.92","6","138.42","W","2021"
"13","14","102.72","4","216.26","L","2021"
"14","1","117.86","10","145.52","L","2021"
"14","2","173.04","8","100.52","W","2021"
"14","3","150.76","14","131.58","W","2021"
"14","4","159.98","13","157.1","W","2021"
"14","5","146.08","9","150.12","L","2021"
"14","6","198.66","11","167.42","W","2021"
"14","7","128.18","12","99.18","W","2021"
"14","8","100.52","2","173.04","L","2021"
"14","9","150.12","5","146.08","W","2021"
"14","10","145.52","1","117.86","W","2021"
"14","11","167.42","6","198.66","L","2021"
"14","12","99.18","7","128.18","L","2021"
"14","13","157.1","4","159.98","L","2021"
"14","14","131.58","3","150.76","L","2021"
"15","1","100.04","3","111.86","L","2021"
"15","2","132.34","7","94.14","W","2021"
"15","3","111.86","1","100.04","W","2021"
"15","4","154.42","13","204.32","L","2021"
"15","5","110.88","6","137.18","L","2021"
"15","6","137.18","5","110.88","W","2021"
"15","7","94.14","2","132.34","L","2021"
"15","8","65.88","12","145.14","L","2021"
"15","9","151.24","11","103.14","W","2021"
"15","11","103.14","9","151.24","L","2021"
"15","12","145.14","8","65.88","W","2021"
"15","13","204.32","4","154.42","W","2021"
"16","1","115.76","8","126.8","L","2021"
"16","2","137.78","6","146.92","L","2021"
"16","3","92.3","10","118.24","L","2021"
"16","4","109.58","11","112.06","L","2021"
"16","5","116.18","7","195.14","L","2021"
"16","6","146.92","2","137.78","W","2021"
"16","7","195.14","5","116.18","W","2021"
"16","8","126.8","1","115.76","W","2021"
"16","9","129.42","13","180.96","L","2021"
"16","10","118.24","3","92.3","W","2021"
"16","11","112.06","4","109.58","W","2021"
"16","12","104.28","14","211.16","L","2021"
"16","13","180.96","9","129.42","W","2021"
"16","14","211.16","12","104.28","W","2021"
"17","2","139.36","9","138.4","W","2021"
"17","3","116.58","12","114.58","W","2021"
"17","4","155.54","5","148.3","W","2021"
"17","5","148.3","4","155.54","L","2021"
"17","6","171.34","13","162.98","W","2021"
"17","7","156.04","11","90.18","W","2021"
"17","9","138.4","2","139.36","L","2021"
"17","10","118.16","14","165.64","L","2021"
"17","11","90.18","7","156.04","L","2021"
"17","12","114.58","3","116.58","L","2021"
"17","13","162.98","6","171.34","L","2021"
"17","14","165.64","10","118.16","W","2021"
"1","1","181.5","14","147.82","W","2022"
"1","2","218.38","13","280.24","L","2022"
"1","3","183.82","5","227.78","L","2022"
"1","4","223.7","6","166.5","W","2022"
"1","5","227.78","3","183.82","W","2022"
"1","6","166.5","4","223.7","L","2022"
"1","7","231.12","12","172.86","W","2022"
"1","8","218.42","10","210.88","W","2022"
"1","9","208.2","11","194.16","W","2022"
"1","10","210.88","8","218.42","L","2022"
"1","11","194.16","9","208.2","L","2022"
"1","12","172.86","7","231.12","L","2022"
"1","13","280.24","2","218.38","W","2022"
"1","14","147.82","1","181.5","L","2022"
"2","1","196.2","10","198.56","L","2022"
"2","2","227.68","6","198.56","W","2022"
"2","3","177.86","14","186.88","L","2022"
"2","4","148.12","7","259.42","L","2022"
"2","5","193.5","12","267.86","L","2022"
"2","6","198.56","2","227.68","L","2022"
"2","7","259.42","4","148.12","W","2022"
"2","8","199.44","11","143.28","W","2022"
"2","9","209.68","13","279.7","L","2022"
"2","10","198.56","1","196.2","W","2022"
"2","11","143.28","8","199.44","L","2022"
"2","12","267.86","5","193.5","W","2022"
"2","13","279.7","9","209.68","W","2022"
"2","14","186.88","3","177.86","W","2022"
"3","1","211.54","11","142.88","W","2022"
"3","2","209.72","12","180.28","W","2022"
"3","3","182.74","7","221.6","L","2022"
"3","4","142.12","14","218.98","L","2022"
"3","5","176.44","9","249.32","L","2022"
"3","6","276.9","8","212.16","W","2022"
"3","7","221.6","3","182.74","W","2022"
"3","8","212.16","6","276.9","L","2022"
"3","9","249.32","5","176.44","W","2022"
"3","10","145.98","13","182.34","L","2022"
"3","11","142.88","1","211.54","L","2022"
"3","12","180.28","2","209.72","L","2022"
"3","13","182.34","10","145.98","W","2022"
"3","14","218.98","4","142.12","W","2022"
"4","1","231.48","7","242.62","L","2022"
"4","2","208.26","10","187.9","W","2022"
"4","3","171.42","13","233.56","L","2022"
"4","4","156.42","9","237.42","L","2022"
"4","5","214.78","14","175.46","W","2022"
"4","6","186.6","11","172.16","W","2022"
"4","7","242.62","1","231.48","W","2022"
"4","8","184.24","12","216.62","L","2022"
"4","9","237.42","4","156.42","W","2022"
"4","10","187.9","2","208.26","L","2022"
"4","11","172.16","6","186.6","L","2022"
"4","12","216.62","8","184.24","W","2022"
"4","13","233.56","3","171.42","W","2022"
"4","14","175.46","5","214.78","L","2022"
"5","1","186.32","3","213.92","L","2022"
"5","2","195.24","7","187.94","W","2022"
"5","3","213.92","1","186.32","W","2022"
"5","4","157.9","11","183.4","L","2022"
"5","5","213.88","6","215.52","L","2022"
"5","6","215.52","5","213.88","W","2022"
"5","7","187.94","2","195.24","L","2022"
"5","8","176.5","13","235.72","L","2022"
"5","9","238.34","12","125.5","W","2022"
"5","10","166.64","14","177.3","L","2022"
"5","11","183.4","4","157.9","W","2022"
"5","12","125.5","9","238.34","L","2022"
"5","13","235.72","8","176.5","W","2022"
"5","14","177.3","10","166.64","W","2022"
"6","1","167.44","13","200.46","L","2022"
"6","2","232.34","4","126.52","W","2022"
"6","3","196.46","8","198.32","L","2022"
"6","4","126.52","2","232.34","L","2022"
"6","5","221.84","7","194.12","W","2022"
"6","6","198.32","10","135.72","W","2022"
"6","7","194.12","5","221.84","L","2022"
"6","8","198.32","3","196.46","W","2022"
"6","9","135.2","14","188.66","L","2022"
"6","10","135.72","6","198.32","L","2022"
"6","11","177.32","12","165.06","W","2022"
"6","12","165.06","11","177.32","L","2022"
"6","13","200.46","1","167.44","W","2022"
"6","14","188.66","9","135.2","W","2022"
"7","1","241.5","12","197.32","W","2022"
"7","2","196.24","9","203.24","L","2022"
"7","3","155.02","4","155.96","L","2022"
"7","4","155.96","3","155.02","W","2022"
"7","5","219.96","8","181.94","W","2022"
"7","6","183.06","14","143.14","W","2022"
"7","7","253.32","10","180.44","W","2022"
"7","8","181.94","5","219.96","L","2022"
"7","9","203.24","2","196.24","W","2022"
"7","10","180.44","7","253.32","L","2022"
"7","11","152.42","13","169.52","L","2022"
"7","12","197.32","1","241.5","L","2022"
"7","13","169.52","11","152.42","W","2022"
"7","14","143.14","6","183.06","L","2022"
"8","1","167.74","4","181.28","L","2022"
"8","2","248.22","13","241.64","W","2022"
"8","3","220.1","14","188.32","W","2022"
"8","4","181.28","1","167.74","W","2022"
"8","5","242.08","6","266.7","L","2022"
"8","6","266.7","5","242.08","W","2022"
"8","7","186.52","11","190.72","L","2022"
"8","8","175.46","9","172.14","W","2022"
"8","9","172.14","8","175.46","L","2022"
"8","10","164.08","12","149.1","W","2022"
"8","11","190.72","7","186.52","W","2022"
"8","12","149.1","10","164.08","L","2022"
"8","13","241.64","2","248.22","L","2022"
"8","14","188.32","3","220.1","L","2022"
"9","1","120.72","3","145.76","L","2022"
"9","2","214.9","8","200.54","W","2022"
"9","3","145.76","1","120.72","W","2022"
"9","4","212.24","12","172.9","W","2022"
"9","5","181.06","7","201.16","L","2022"
"9","6","206.34","11","150.2","W","2022"
"9","7","201.16","5","181.06","W","2022"
"9","8","200.54","2","214.9","L","2022"
"9","9","186.04","10","159.18","W","2022"
"9","10","159.18","9","186.04","L","2022"
"9","11","150.2","6","206.34","L","2022"
"9","12","172.9","4","212.24","L","2022"
"9","13","181.26","14","142.26","W","2022"
"9","14","142.26","13","181.26","L","2022"
"10","1","173.66","13","176.16","L","2022"
"10","2","214.28","14","204.54","W","2022"
"10","3","176.26","11","131.7","W","2022"
"10","4","189.66","8","156.5","W","2022"
"10","5","215.28","9","162.26","W","2022"
"10","6","233.42","12","155.84","W","2022"
"10","7","238.54","10","137.82","W","2022"
"10","8","156.5","4","189.66","L","2022"
"10","9","162.26","5","215.28","L","2022"
"10","10","137.82","7","238.54","L","2022"
"10","11","131.7","3","176.26","L","2022"
"10","12","155.84","6","233.42","L","2022"
"10","13","176.16","1","173.66","W","2022"
"10","14","204.54","2","214.28","L","2022"
"11","1","183.66","9","214.78","L","2022"
"11","2","226.58","5","181.98","W","2022"
"11","3","268.3","6","226.68","W","2022"
"11","4","153","7","223.52","L","2022"
"11","5","181.98","2","226.58","L","2022"
"11","6","226.68","3","268.3","L","2022"
"11","7","223.52","4","153","W","2022"
"11","8","200.36","10","133.7","W","2022"
"11","9","214.78","1","183.66","W","2022"
"11","10","133.7","8","200.36","L","2022"
"11","11","102.28","13","182.28","L","2022"
"11","12","141.2","14","228.08","L","2022"
"11","13","182.28","11","102.28","W","2022"
"11","14","228.08","12","141.2","W","2022"
"12","1","119.32","5","181.98","L","2022"
"12","2","229.28","3","243.8","L","2022"
"12","3","243.8","2","229.28","W","2022"
"12","4","201.58","13","204.04","L","2022"
"12","5","181.98","1","119.32","W","2022"
"12","6","173.14","7","259.66","L","2022"
"12","7","259.66","6","173.14","W","2022"
"12","8","122","12","239.86","L","2022"
"12","9","198.5","11","192.92","W","2022"
"12","10","197.6","14","222.2","L","2022"
"12","11","192.92","9","198.5","L","2022"
"12","12","239.86","8","122","W","2022"
"12","13","204.04","4","201.58","W","2022"
"12","14","222.2","10","197.6","W","2022"
"13","1","195.16","6","256.04","L","2022"
"13","2","218.66","12","146.34","W","2022"
"13","3","192.38","8","217.04","L","2022"
"13","4","244.88","9","206.7","W","2022"
"13","5","212.76","10","185.34","W","2022"
"13","6","256.04","1","195.16","W","2022"
"13","7","165.16","13","185.92","L","2022"
"13","8","217.04","3","192.38","W","2022"
"13","9","206.7","4","244.88","L","2022"
"13","10","185.34","5","212.76","L","2022"
"13","11","130.98","14","190.68","L","2022"
"13","12","146.34","2","218.66","L","2022"
"13","13","185.92","7","165.16","W","2022"
"13","14","190.68","11","130.98","W","2022"
"14","1","123.86","12","210.52","L","2022"
"14","2","162.48","6","249.92","L","2022"
"14","3","198.36","9","186.98","W","2022"
"14","4","151.28","14","177.86","L","2022"
"14","5","290.1","13","162.08","W","2022"
"14","6","249.92","2","162.48","W","2022"
"14","7","184.58","8","149.36","W","2022"
"14","8","149.36","7","184.58","L","2022"
"14","9","186.98","3","198.36","L","2022"
"14","10","137.22","11","117","W","2022"
"14","11","117","10","137.22","L","2022"
"14","12","210.52","1","123.86","W","2022"
"14","13","162.08","5","290.1","L","2022"
"14","14","177.86","4","151.28","W","2022"
"15","1","205.78","10","201.84","W","2022"
"15","2","226.42","5","288.36","L","2022"
"15","3","142.1","13","212.44","L","2022"
"15","5","288.36","2","226.42","W","2022"
"15","6","225.28","7","222.62","W","2022"
"15","7","222.62","6","225.28","L","2022"
"15","9","138.52","14","197.84","L","2022"
"15","10","201.84","1","205.78","L","2022"
"15","11","160.36","12","159.76","W","2022"
"15","12","159.76","11","160.36","L","2022"
"15","13","212.44","3","142.1","W","2022"
"15","14","197.84","9","138.52","W","2022"
"16","1","192.12","8","240.7","L","2022"
"16","2","237.32","7","189.34","W","2022"
"16","3","233.7","9","183.86","W","2022"
"16","4","162.78","11","126.18","W","2022"
"16","5","247.46","6","201.18","W","2022"
"16","6","201.18","5","247.46","L","2022"
"16","7","189.34","2","237.32","L","2022"
"16","8","240.7","1","192.12","W","2022"
"16","9","183.86","3","233.7","L","2022"
"16","10","168.54","12","165.5","W","2022"
"16","11","126.18","4","162.78","L","2022"
"16","12","165.5","10","168.54","L","2022"
"16","13","214.14","14","215.18","L","2022"
"16","14","215.18","13","214.14","W","2022"
"17","1","177.58","11","157.62","W","2022"
"17","2","239.54","3","155.28","W","2022"
"17","3","155.28","2","239.54","L","2022"
"17","4","142.88","8","106.78","W","2022"
"17","5","163.76","14","168.72","L","2022"
"17","6","164.74","13","215.88","L","2022"
"17","7","151.02","9","158.4","L","2022"
"17","8","106.78","4","142.88","L","2022"
"17","9","158.4","7","151.02","W","2022"
"17","11","157.62","1","177.58","L","2022"
"17","13","215.88","6","164.74","W","2022"
"17","14","168.72","5","163.76","W","2022"
"1","1","193.94","11","120.54","W","2023"
"1","2","154.42","7","195.6","L","2023"
"1","3","186.52","8","209.8","L","2023"
"1","4","125.08","12","211","L","2023"
"1","5","223.96","14","174.32","W","2023"
"1","6","200.84","13","214.78","L","2023"
"1","7","195.6","2","154.42","W","2023"
"1","8","209.8","3","186.52","W","2023"
"1","9","128.62","10","184.08","L","2023"
"1","10","184.08","9","128.62","W","2023"
"1","11","120.54","1","193.94","L","2023"
"1","12","211","4","125.08","W","2023"
"1","13","214.78","6","200.84","W","2023"
"1","14","174.32","5","223.96","L","2023"
"2","1","246.46","6","182.18","W","2023"
"2","2","194.62","10","168.28","W","2023"
"2","3","198.16","14","160.3","W","2023"
"2","4","250.82","13","213.06","W","2023"
"2","5","224.86","11","181.48","W","2023"
"2","6","182.18","1","246.46","L","2023"
"2","7","226.88","9","203.24","W","2023"
"2","8","180.32","12","202.94","L","2023"
"2","9","203.24","7","226.88","L","2023"
"2","10","168.28","2","194.62","L","2023"
"2","11","181.48","5","224.86","L","2023"
"2","12","202.94","8","180.32","W","2023"
"2","13","213.06","4","250.82","L","2023"
"2","14","160.3","3","198.16","L","2023"
"3","1","198.3","5","249.96","L","2023"
"3","2","215.74","12","184.62","W","2023"
"3","3","167.68","9","176.44","L","2023"
"3","4","185.84","11","173.5","W","2023"
"3","5","249.96","1","198.3","W","2023"
"3","6","239.02","14","234.12","W","2023"
"3","7","272.26","13","234.5","W","2023"
"3","8","150.46","10","218.16","L","2023"
"3","9","176.44","3","167.68","W","2023"
"3","10","218.16","8","150.46","W","2023"
"3","11","173.5","4","185.84","L","2023"
"3","12","184.62","2","215.74","L","2023"
"3","13","234.5","7","272.26","L","2023"
"3","14","234.12","6","239.02","L","2023"
"4","1","228.62","12","168.28","W","2023"
"4","2","255.28","13","188.86","W","2023"
"4","3","188.6","5","205.76","L","2023"
"4","4","220","8","156.7","W","2023"
"4","5","205.76","3","188.6","W","2023"
"4","6","198.7","9","101.08","W","2023"
"4","7","178.66","14","172.94","W","2023"
"4","8","156.7","4","220","L","2023"
"4","9","101.08","6","198.7","L","2023"
"4","10","147.54","11","203.86","L","2023"
"4","11","203.86","10","147.54","W","2023"
"4","12","168.28","1","228.62","L","2023"
"4","13","188.86","2","255.28","L","2023"
"4","14","172.94","7","178.66","L","2023"
"5","1","228.08","8","162.8","W","2023"
"5","2","202.54","5","277.28","L","2023"
"5","3","111.2","6","213.38","L","2023"
"5","4","255.16","7","218.78","W","2023"
"5","5","277.28","2","202.54","W","2023"
"5","6","213.38","3","111.2","W","2023"
"5","7","218.78","4","255.16","L","2023"
"5","8","162.8","1","228.08","L","2023"
"5","9","195.04","13","234.02","L","2023"
"5","10","165","14","147.86","W","2023"
"5","11","183.48","12","101.48","W","2023"
"5","12","101.48","11","183.48","L","2023"
"5","13","234.02","9","195.04","W","2023"
"5","14","147.86","10","165","L","2023"
"6","1","222.84","3","169.64","W","2023"
"6","2","192.94","14","211.78","L","2023"
"6","3","169.64","1","222.84","L","2023"
"6","4","197.78","6","142.64","W","2023"
"6","5","170.6","7","201.56","L","2023"
"6","6","142.64","4","197.78","L","2023"
"6","7","201.56","5","170.6","W","2023"
"6","8","171.98","11","170.76","W","2023"
"6","9","248.24","12","152.32","W","2023"
"6","10","115.96","13","220.9","L","2023"
"6","11","170.76","8","171.98","L","2023"
"6","12","152.32","9","248.24","L","2023"
"6","13","220.9","10","115.96","W","2023"
"6","14","211.78","2","192.94","W","2023"
"7","1","194.92","13","210.46","L","2023"
"7","2","216.84","3","134.04","W","2023"
"7","3","134.04","2","216.84","L","2023"
"7","4","198.3","10","81.14","W","2023"
"7","5","251.52","9","215.2","W","2023"
"7","6","174.04","12","153.3","W","2023"
"7","7","210.94","8","129.72","W","2023"
"7","8","129.72","7","210.94","L","2023"
"7","9","215.2","5","251.52","L","2023"
"7","10","81.14","4","198.3","L","2023"
"7","11","119.56","14","207.2","L","2023"
"7","12","153.3","6","174.04","L","2023"
"7","13","210.46","1","194.92","W","2023"
"7","14","207.2","11","119.56","W","2023"
"8","1","261.92","2","239.08","W","2023"
"8","2","239.08","1","261.92","L","2023"
"8","3","152.1","12","171.8","L","2023"
"8","4","188.56","9","144.68","W","2023"
"8","5","224.68","8","185.62","W","2023"
"8","6","256.88","10","122.56","W","2023"
"8","7","187.28","11","184.72","W","2023"
"8","8","185.62","5","224.68","L","2023"
"8","9","144.68","4","188.56","L","2023"
"8","10","122.56","6","256.88","L","2023"
"8","11","184.72","7","187.28","L","2023"
"8","12","171.8","3","152.1","W","2023"
"8","13","220.82","14","264.48","L","2023"
"8","14","264.48","13","220.82","W","2023"
"9","1","236.84","10","108.74","W","2023"
"9","2","143.8","6","162.4","L","2023"
"9","3","149.38","13","198.62","L","2023"
"9","4","197.44","5","141.26","W","2023"
"9","5","141.26","4","197.44","L","2023"
"9","6","162.4","2","143.8","W","2023"
"9","7","209.88","12","195.26","W","2023"
"9","8","129.72","14","209.38","L","2023"
"9","9","200.44","11","200.7","L","2023"
"9","10","108.74","1","236.84","L","2023"
"9","11","200.7","9","200.44","W","2023"
"9","12","195.26","7","209.88","L","2023"
"9","13","198.62","3","149.38","W","2023"
"9","14","209.38","8","129.72","W","2023"
"10","1","228.76","7","171.54","W","2023"
"10","2","213.56","9","167.24","W","2023"
"10","3","149.96","10","178.4","L","2023"
"10","4","150.84","14","258.28","L","2023"
"10","5","193.82","12","170.72","W","2023"
"10","6","233.84","11","145.56","W","2023"
"10","7","171.54","1","228.76","L","2023"
"10","8","173.58","13","240.98","L","2023"
"10","9","167.24","2","213.56","L","2023"
"10","10","178.4","3","149.96","W","2023"
"10","11","145.56","6","233.84","L","2023"
"10","12","170.72","5","193.82","L","2023"
"10","13","240.98","8","173.58","W","2023"
"10","14","258.28","4","150.84","W","2023"
"11","1","219.34","12","145.5","W","2023"
"11","2","239.66","4","152.64","W","2023"
"11","3","141.62","7","180.3","L","2023"
"11","4","152.64","2","239.66","L","2023"
"11","5","202.22","10","125.22","W","2023"
"11","6","218.3","8","203.34","W","2023"
"11","7","180.3","3","141.62","W","2023"
"11","8","203.34","6","218.3","L","2023"
"11","9","146.28","14","138.5","W","2023"
"11","10","125.22","5","202.22","L","2023"
"11","11","157.2","13","182.64","L","2023"
"11","12","145.5","1","219.34","L","2023"
"11","13","182.64","11","157.2","W","2023"
"11","14","138.5","9","146.28","L","2023"
"12","1","230.94","4","199.94","W","2023"
"12","2","254.5","13","225.38","W","2023"
"12","3","209.76","11","225.16","L","2023"
"12","4","199.94","1","230.94","L","2023"
"12","5","167.7","6","179.52","L","2023"
"12","6","179.52","5","167.7","W","2023"
"12","7","209.7","14","225.74","L","2023"
"12","8","165.66","9","198.74","L","2023"
"12","9","198.74","8","165.66","W","2023"
"12","10","154.88","12","177.3","L","2023"
"12","11","225.16","3","209.76","W","2023"
"12","12","177.3","10","154.88","W","2023"
"12","13","225.38","2","254.5","L","2023"
"12","14","225.74","7","209.7","W","2023"
"13","1","222.14","14","207.32","W","2023"
"13","2","203.86","11","154.02","W","2023"
"13","3","163.46","5","193.56","L","2023"
"13","4","171.64","8","212.22","L","2023"
"13","5","193.56","3","163.46","W","2023"
"13","6","213.28","9","166.3","W","2023"
"13","7","131.5","10","162.22","L","2023"
"13","8","212.22","4","171.64","W","2023"
"13","9","166.3","6","213.28","L","2023"
"13","10","162.22","7","131.5","W","2023"
"13","11","154.02","2","203.86","L","2023"
"13","12","102.3","13","154.52","L","2023"
"13","13","154.52","12","102.3","W","2023"
"13","14","207.32","1","222.14","L","2023"
"14","1","197.28","9","213.2","L","2023"
"14","2","186.66","8","196","L","2023"
"14","3","128","4","217.18","L","2023"
"14","4","217.18","3","128","W","2023"
"14","5","192.9","13","213.38","L","2023"
"14","6","188.6","7","112.04","W","2023"
"14","7","112.04","6","188.6","L","2023"
"14","8","196","2","186.66","W","2023"
"14","9","213.2","1","197.28","W","2023"
"14","10","124.68","11","165.4","L","2023"
"14","11","165.4","10","124.68","W","2023"
"14","12","149.1","14","194.66","L","2023"
"14","13","213.38","5","192.9","W","2023"
"14","14","194.66","12","149.1","W","2023"
"15","2","199.66","6","197.84","W","2023"
"15","4","182.54","7","195.84","L","2023"
"15","5","225.46","13","181.68","W","2023"
"15","6","197.84","2","199.66","L","2023"
"15","7","195.84","4","182.54","W","2023"
"15","8","172.5","10","114.14","W","2023"
"15","9","187.86","12","178.04","W","2023"
"15","10","114.14","8","172.5","L","2023"
"15","12","178.04","9","187.86","L","2023"
"15","13","181.68","5","225.46","L","2023"
"16","1","293.2","7","188.88","W","2023"
"16","2","236.12","5","205.72","W","2023"
"16","5","205.72","2","236.12","L","2023"
"16","6","132.74","13","196.98","L","2023"
"16","7","188.88","1","293.2","L","2023"
"16","8","226.94","11","205.42","W","2023"
"16","9","136.4","14","239.02","L","2023"
"16","10","141.3","12","177.58","L","2023"
"16","11","205.42","8","226.94","L","2023"
"16","12","177.58","10","141.3","W","2023"
"16","13","196.98","6","132.74","W","2023"
"16","14","239.02","9","136.4","W","2023"
"17","1","251.28","2","265.06","L","2023"
"17","2","265.06","1","251.28","W","2023"
"17","4","222.28","13","148.14","W","2023"
"17","5","220.9","7","200.34","W","2023"
"17","7","200.34","5","220.9","L","2023"
"17","8","153.76","14","188.98","L","2023"
"17","9","141.5","11","213.14","L","2023"
"17","11","213.14","9","141.5","W","2023"
"17","13","148.14","4","222.28","L","2023"
"17","14","188.98","8","153.76","W","2023"
"1","1","198.42","2","193.36","W","2024"
"1","2","193.36","1","198.42","L","2024"
"1","3","239.18","10","165.38","W","2024"
"1","4","138.04","7","174.66","L","2024"
"1","5","215.38","14","163.96","W","2024"
"1","6","120.22","13","204.3","L","2024"
"1","7","174.66","4","138.04","W","2024"
"1","8","225.14","9","124.44","W","2024"
"1","9","124.44","8","225.14","L","2024"
"1","10","165.38","3","239.18","L","2024"
"1","11","163.5","12","220.12","L","2024"
"1","12","220.12","11","163.5","W","2024"
"1","13","204.3","6","120.22","W","2024"
"1","14","163.96","5","215.38","L","2024"
"2","1","221.3","3","232.82","L","2024"
"2","2","301.38","6","154.3","W","2024"
"2","3","232.82","1","221.3","W","2024"
"2","4","167.78","13","154.8","W","2024"
"2","5","272.62","7","172.62","W","2024"
"2","6","154.3","2","301.38","L","2024"
"2","7","172.62","5","272.62","L","2024"
"2","8","203.48","12","162.38","W","2024"
"2","9","153.28","10","215.5","L","2024"
"2","10","215.5","9","153.28","W","2024"
"2","11","176.18","14","176.62","L","2024"
"2","12","162.38","8","203.48","L","2024"
"2","13","154.8","4","167.78","L","2024"
"2","14","176.62","11","176.18","W","2024"
"3","1","156.58","11","229.66","L","2024"
"3","2","193.52","9","109.36","W","2024"
"3","3","162.06","13","182.38","L","2024"
"3","4","178.6","14","183.04","L","2024"
"3","5","199.46","12","231.9","L","2024"
"3","6","175.82","10","229.5","L","2024"
"3","7","175.66","8","231.34","L","2024"
"3","8","231.34","7","175.66","W","2024"
"3","9","109.36","2","193.52","L","2024"
"3","10","229.5","6","175.82","W","2024"
"3","11","229.66","1","156.58","W","2024"
"3","12","231.9","5","199.46","W","2024"
"3","13","182.38","3","162.06","W","2024"
"3","14","183.04","4","178.6","W","2024"
"4","1","180.56","6","149.12","W","2024"
"4","2","227.54","13","224.86","W","2024"
"4","3","211.88","8","189.32","W","2024"
"4","4","182.48","5","177.82","W","2024"
"4","5","177.82","4","182.48","L","2024"
"4","6","149.12","1","180.56","L","2024"
"4","7","192.32","14","147.04","W","2024"
"4","8","189.32","3","211.88","L","2024"
"4","9","119.16","12","196.56","L","2024"
"4","10","222.14","11","164.62","W","2024"
"4","11","164.62","10","222.14","L","2024"
"4","12","196.56","9","119.16","W","2024"
"4","13","224.86","2","227.54","L","2024"
"4","14","147.04","7","192.32","L","2024"
"5","1","203.84","9","175.56","W","2024"
"5","2","249.4","11","235.34","W","2024"
"5","3","167.36","5","242.24","L","2024"
"5","4","193.24","8","235.88","L","2024"
"5","5","242.24","3","167.36","W","2024"
"5","6","146.72","12","180.72","L","2024"
"5","7","195.42","10","213.54","L","2024"
"5","8","235.88","4","193.24","W","2024"
"5","9","175.56","1","203.84","L","2024"
"5","10","213.54","7","195.42","W","2024"
"5","11","235.34","2","249.4","L","2024"
"5","12","180.72","6","146.72","W","2024"
"5","13","160","14","215.38","L","2024"
"5","14","215.38","13","160","W","2024"
"6","1","246.26","14","205.62","W","2024"
"6","2","225.76","10","181.98","W","2024"
"6","3","127.3","7","174.9","L","2024"
"6","4","160.32","12","206.18","L","2024"
"6","5","125.4","8","221.62","L","2024"
"6","6","192.26","11","184.1","W","2024"
"6","7","174.9","3","127.3","W","2024"
"6","8","221.62","5","125.4","W","2024"
"6","9","190.14","13","174.86","W","2024"
"6","10","181.98","2","225.76","L","2024"
"6","11","184.1","6","192.26","L","2024"
"6","12","206.18","4","160.32","W","2024"
"6","13","174.86","9","190.14","L","2024"
"6","14","205.62","1","246.26","L","2024"
"7","1","187.9","7","199.7","L","2024"
"7","2","181.56","4","188.34","L","2024"
"7","3","187.86","9","141.1","W","2024"
"7","4","188.34","2","181.56","W","2024"
"7","5","170.78","6","177.02","L","2024"
"7","6","177.02","5","170.78","W","2024"
"7","7","199.7","1","187.9","W","2024"
"7","8","204.2","11","213.88","L","2024"
"7","9","141.1","3","187.86","L","2024"
"7","10","185.44","13","129.46","W","2024"
"7","11","213.88","8","204.2","W","2024"
"7","12","184.66","14","143.9","W","2024"
"7","13","129.46","10","185.44","L","2024"
"7","14","143.9","12","184.66","L","2024"
"8","1","221.28","12","278.7","L","2024"
"8","2","264.24","3","179.6","W","2024"
"8","3","179.6","2","264.24","L","2024"
"8","4","192.22","6","181.32","W","2024"
"8","5","206.7","11","209.26","L","2024"
"8","6","181.32","4","192.22","L","2024"
"8","7","192.64","13","141.66","W","2024"
"8","8","206.06","10","250.24","L","2024"
"8","9","152.14","14","176.6","L","2024"
"8","10","250.24","8","206.06","W","2024"
"8","11","209.26","5","206.7","W","2024"
"8","12","278.7","1","221.28","W","2024"
"8","13","141.66","7","192.64","L","2024"
"8","14","176.6","9","152.14","W","2024"
"9","1","183.32","13","119.02","W","2024"
"9","2","241.08","8","329.9","L","2024"
"9","3","188.1","12","238.76","L","2024"
"9","4","181.74","11","203","L","2024"
"9","5","165.72","10","225.14","L","2024"
"9","6","175","14","197.56","L","2024"
"9","7","205.64","9","126.88","W","2024"
"9","8","329.9","2","241.08","W","2024"
"9","9","126.88","7","205.64","L","2024"
"9","10","225.14","5","165.72","W","2024"
"9","11","203","4","181.74","W","2024"
"9","12","238.76","3","188.1","W","2024"
"9","13","119.02","1","183.32","L","2024"
"9","14","197.56","6","175","W","2024"
"10","1","208.54","10","182","W","2024"
"10","2","195.56","12","140.38","W","2024"
"10","3","121.48","4","169.26","L","2024"
"10","4","169.26","3","121.48","W","2024"
"10","5","171.74","9","136.3","W","2024"
"10","6","180.76","7","204.34","L","2024"
"10","7","204.34","6","180.76","W","2024"
"10","8","221.1","14","188.8","W","2024"
"10","9","136.3","5","171.74","L","2024"
"10","10","182","1","208.54","L","2024"
"10","11","184.78","13","91.3","W","2024"
"10","12","140.38","2","195.56","L","2024"
"10","13","91.3","11","184.78","L","2024"
"10","14","188.8","8","221.1","L","2024"
"11","1","202.76","8","263.32","L","2024"
"11","2","284.7","5","145.32","W","2024"
"11","3","161.16","6","184.12","L","2024"
"11","4","228.1","9","140.02","W","2024"
"11","5","145.32","2","284.7","L","2024"
"11","6","184.12","3","161.16","W","2024"
"11","7","214.82","11","136.42","W","2024"
"11","8","263.32","1","202.76","W","2024"
"11","9","140.02","4","228.1","L","2024"
"11","10","220.92","14","138.1","W","2024"
"11","11","136.42","7","214.82","L","2024"
"11","12","149.9","13","123.04","W","2024"
"11","13","123.04","12","149.9","L","2024"
"11","14","138.1","10","220.92","L","2024"
"12","1","200.9","5","185.72","W","2024"
"12","2","211.22","14","155.4","W","2024"
"12","3","182.86","11","146.76","W","2024"
"12","4","204.38","10","178.58","W","2024"
"12","5","185.72","1","200.9","L","2024"
"12","6","133.8","9","131.76","W","2024"
"12","7","229.24","12","215.86","W","2024"
"12","8","253.48","13","165.22","W","2024"
"12","9","131.76","6","133.8","L","2024"
"12","10","178.58","4","204.38","L","2024"
"12","11","146.76","3","182.86","L","2024"
"12","12","215.86","7","229.24","L","2024"
"12","13","165.22","8","253.48","L","2024"
"12","14","155.4","2","211.22","L","2024"
"13","1","213.26","6","151.9","W","2024"
"13","2","233.52","13","221.72","W","2024"
"13","3","212.9","8","234.02","L","2024"
"13","4","236.72","5","178.38","W","2024"
"13","5","178.38","4","236.72","L","2024"
"13","6","151.9","1","213.26","L","2024"
"13","7","205.82","14","125","W","2024"
"13","8","234.02","3","212.9","W","2024"
"13","9","128.34","12","238.12","L","2024"
"13","10","232.2","11","223.34","W","2024"
"13","11","223.34","10","232.2","L","2024"
"13","12","238.12","9","128.34","W","2024"
"13","13","221.72","2","233.52","L","2024"
"13","14","125","7","205.82","L","2024"
"14","1","209.88","4","131","W","2024"
"14","2","286.86","7","154.26","W","2024"
"14","3","159.58","14","122.3","W","2024"
"14","4","131","1","209.88","L","2024"
"14","5","237.88","13","153.46","W","2024"
"14","6","177.46","8","197.06","L","2024"
"14","7","154.26","2","286.86","L","2024"
"14","8","197.06","6","177.46","W","2024"
"14","9","179.56","11","234.6","L","2024"
"14","10","193.22","12","186","W","2024"
"14","11","234.6","9","179.56","W","2024"
"14","12","186","10","193.22","L","2024"
"14","13","153.46","5","237.88","L","2024"
"14","14","122.3","3","159.58","L","2024"
"15","1","274.44","4","176.6","W","2024"
"15","2","176.26","12","185.88","L","2024"
"15","3","226.86","9","137.6","W","2024"
"15","4","176.6","1","274.44","L","2024"
"15","5","165.74","13","93.68","W","2024"
"15","6","171.14","14","107.4","W","2024"
"15","7","234.46","10","245.76","L","2024"
"15","9","137.6","3","226.86","L","2024"
"15","10","245.76","7","234.46","W","2024"
"15","12","185.88","2","176.26","W","2024"
"15","13","93.68","5","165.74","L","2024"
"15","14","107.4","6","171.14","L","2024"
"16","1","256.02","12","235.9","W","2024"
"16","2","249.38","4","168.44","W","2024"
"16","3","170.66","5","180.9","L","2024"
"16","4","168.44","2","249.38","L","2024"
"16","5","180.9","3","170.66","W","2024"
"16","6","184.76","11","180.2","W","2024"
"16","8","233.72","10","199","W","2024"
"16","9","156.34","13","139.36","W","2024"
"16","10","199","8","233.72","L","2024"
"16","11","180.2","6","184.76","L","2024"
"16","12","235.9","1","256.02","L","2024"
"16","13","139.36","9","156.34","L","2024"
"17","1","251.04","8","228.48","W","2024"
"17","2","244.2","7","236.32","W","2024"
"17","3","206.04","11","179.88","W","2024"
"17","5","175.3","6","151.46","W","2024"
"17","6","151.46","5","175.3","L","2024"
"17","7","236.32","2","244.2","L","2024"
"17","8","228.48","1","251.04","L","2024"
"17","9","105.82","14","160.6","L","2024"
"17","10","208.58","12","167.16","W","2024"
"17","11","179.88","3","206.04","L","2024"
"17","12","167.16","10","208.58","L","2024"
"17","14","160.6","9","105.82","W","2024"
"1","1","144.02","8","124.82","W","2025"
"1","2","175.38","4","189.2","L","2025"
"1","3","153.68","10","136.74","W","2025"
"1","4","189.2","2","175.38","W","2025"
"1","5","141.16","13","120.34","W","2025"
"1","6","125.6","9","112.94","W","2025"
"1","7","163.06","11","201.44","L","2025"
"1","8","124.82","1","144.02","L","2025"
"1","9","112.94","6","125.6","L","2025"
"1","10","136.74","3","153.68","L","2025"
"1","11","201.44","7","163.06","W","2025"
"1","12","180.72","14","179.4","W","2025"
"1","13","120.34","5","141.16","L","2025"
"1","14","179.4","12","180.72","L","2025"
"2","1","218.44","2","162.62","W","2025"
"2","2","162.62","1","218.44","L","2025"
"2","3","149.46","14","125.78","W","2025"
"2","4","190.58","7","203.18","L","2025"
"2","5","137.1","6","154.86","L","2025"
"2","6","154.86","5","137.1","W","2025"
"2","7","203.18","4","190.58","W","2025"
"2","8","118.4","10","163.36","L","2025"
"2","9","98.46","11","183.46","L","2025"
"2","10","163.36","8","118.4","W","2025"
"2","11","183.46","9","98.46","W","2025"
"2","12","133.4","13","180.08","L","2025"
"2","13","180.08","12","133.4","W","2025"
"2","14","125.78","3","149.46","L","2025"
"3","1","125.18","3","162.78","L","2025"
"3","2","210.7","6","183.04","W","2025"
"3","3","162.78","1","125.18","W","2025"
"3","4","167.82","8","110.28","W","2025"
"3","5","127.22","14","143.56","L","2025"
"3","6","183.04","2","210.7","L","2025"
"3","7","155.94","9","148.02","W","2025"
"3","8","110.28","4","167.82","L","2025"
"3","9","148.02","7","155.94","L","2025"
"3","10","170.76","13","111.42","W","2025"
"3","11","184.46","12","174.12","W","2025"
"3","12","174.12","11","184.46","L","2025"
"3","13","111.42","10","170.76","L","2025"
"3","14","143.56","5","127.22","W","2025"
"4","1","126.14","7","162.46","L","2025"
"4","2","171.6","3","152.56","W","2025"
"4","3","152.56","2","171.6","L","2025"
"4","4","228.36","6","230.62","L","2025"
"4","5","134.42","9","99.12","W","2025"
"4","6","230.62","4","228.36","W","2025"
"4","7","162.46","1","126.14","W","2025"
"4","8","124.66","12","155.88","L","2025"
"4","9","99.12","5","134.42","L","2025"
"4","10","187.34","11","181.36","W","2025"
"4","11","181.36","10","187.34","L","2025"
"4","12","155.88","8","124.66","W","2025"
"4","13","139.22","14","141.04","L","2025"
"4","14","141.04","13","139.22","W","2025"
"5","1","151.38","12","173.98","L","2025"
"5","2","252.12","13","138.4","W","2025"
"5","3","193.66","6","112.64","W","2025"
"5","4","192.44","10","142.44","W","2025"
"5","5","210.9","7","96.1","W","2025"
"5","6","112.64","3","193.66","L","2025"
"5","7","96.1","5","210.9","L","2025"
"5","8","159.5","11","109.82","W","2025"
"5","9","134.66","14","142.86","L","2025"
"5","10","142.44","4","192.44","L","2025"
"5","11","109.82","8","159.5","L","2025"
"5","12","173.98","1","151.38","W","2025"
"5","13","138.4","2","252.12","L","2025"
"5","14","142.86","9","134.66","W","2025"
"6","1","171.08","14","162.32","W","2025"
"6","2","214.96","11","235.62","L","2025"
"6","3","184.32","12","137.26","W","2025"
"6","4","262.74","9","181.28","W","2025"
"6","5","154.56","10","207.1","L","2025"
"6","6","145.42","8","133.16","W","2025"
"6","7","179.58","13","171.46","W","2025"
"6","8","133.16","6","145.42","L","2025"
"6","9","181.28","4","262.74","L","2025"
"6","10","207.1","5","154.56","W","2025"
"6","11","235.62","2","214.96","W","2025"
"6","12","137.26","3","184.32","L","2025"
"6","13","171.46","7","179.58","L","2025"
"6","14","162.32","1","171.08","L","2025"
"7","1","230.04","6","173.6","W","2025"
"7","2","183.92","14","168.68","W","2025"
"7","3","146.14","13","186.46","L","2025"
"7","4","229.82","11","225.44","W","2025"
"7","5","246.42","12","163.26","W","2025"
"7","6","173.6","1","230.04","L","2025"
"7","7","227.84","10","200.84","W","2025"
"7","8","185.98","9","166.44","W","2025"
"7","9","166.44","8","185.98","L","2025"
"7","10","200.84","7","227.84","L","2025"
"7","11","225.44","4","229.82","L","2025"
"7","12","163.26","5","246.42","L","2025"
"7","13","186.46","3","146.14","W","2025"
"7","14","168.68","2","183.92","L","2025"
"8","1","201.6","13","138.94","W","2025"
"8","2","156.46","7","208.38","L","2025"
"8","3","111.62","11","219.18","L","2025"
"8","4","168.08","12","213.2","L","2025"
"8","5","170.08","8","234.42","L","2025"
"8","6","143.76","14","187.3","L","2025"
"8","7","208.38","2","156.46","W","2025"
"8","8","234.42","5","170.08","W","2025"
"8","9","148.36","10","183.18","L","2025"
"8","10","183.18","9","148.36","W","2025"
"8","11","219.18","3","111.62","W","2025"
"8","12","213.2","4","168.08","W","2025"
"8","13","138.94","1","201.6","L","2025"
"8","14","187.3","6","143.76","W","2025"
"9","1","192.36","5","198.24","L","2025"
"9","2","224.8","8","186.64","W","2025"
"9","3","172.5","4","203.54","L","2025"
"9","4","203.54","3","172.5","W","2025"
"9","5","198.24","1","192.36","W","2025"
"9","6","127.02","10","201.76","L","2025"
"9","7","193.96","14","184.08","W","2025"
"9","8","186.64","2","224.8","L","2025"
"9","9","189.76","12","176.32","W","2025"
"9","10","201.76","6","127.02","W","2025"
"9","11","167.42","13","125.42","W","2025"
"9","12","176.32","9","189.76","L","2025"
"9","13","125.42","11","167.42","L","2025"
"9","14","184.08","7","193.96","L","2025"
"10","1","172.6","11","191.96","L","2025"
"10","2","264.48","12","114.22","W","2025"
"10","3","167.34","8","194.18","L","2025"
"10","4","200.76","5","185.5","W","2025"
"10","5","185.5","4","200.76","L","2025"
"10","6","120.46","7","187.9","L","2025"
"10","7","187.9","6","120.46","W","2025"
"10","8","194.18","3","167.34","W","2025"
"10","9","162.26","13","184.74","L","2025"
"10","10","228.8","14","140.9","W","2025"
"10","11","191.96","1","172.6","W","2025"
"10","12","114.22","2","264.48","L","2025"
"10","13","184.74","9","162.26","W","2025"
"10","14","140.9","10","228.8","L","2025"
"11","1","188.34","9","142.76","W","2025"
"11","2","224.32","10","147.7","W","2025"
"11","3","173.5","7","158.52","W","2025"
"11","4","252.78","13","148.66","W","2025"
"11","5","160.48","11","177.68","L","2025"
"11","6","133.76","12","241.98","L","2025"
"11","7","158.52","3","173.5","L","2025"
"11","8","186.76","14","176.12","W","2025"
"11","9","142.76","1","188.34","L","2025"
"11","10","147.7","2","224.32","L","2025"
"11","11","177.68","5","160.48","W","2025"
"11","12","241.98","6","133.76","W","2025"
"11","13","148.66","4","252.78","L","2025"
"11","14","176.12","8","186.76","L","2025"
"12","1","184.46","8","161.94","W","2025"
"12","2","194.9","4","198.8","L","2025"
"12","3","176.62","10","196.02","L","2025"
"12","4","198.8","2","194.9","W","2025"
"12","5","258.4","13","131.24","W","2025"
"12","6","113.4","9","166.5","L","2025"
"12","7","130.86","11","187.18","L","2025"
"12","8","161.94","1","184.46","L","2025"
"12","9","166.5","6","113.4","W","2025"
"12","10","196.02","3","176.62","W","2025"
"12","11","187.18","7","130.86","W","2025"
"12","12","195.96","14","216.1","L","2025"
"12","13","131.24","5","258.4","L","2025"
"12","14","216.1","12","195.96","W","2025"
"13","1","235.08","10","197.46","W","2025"
"13","2","178.96","9","180.88","L","2025"
"13","3","209.3","5","184.2","W","2025"
"13","4","237.44","14","142.94","W","2025"
"13","5","184.2","3","209.3","L","2025"
"13","6","151.84","11","164.32","L","2025"
"13","7","161.56","12","187.48","L","2025"
"13","8","164.7","13","196.14","L","2025"
"13","9","180.88","2","178.96","W","2025"
"13","10","197.46","1","235.08","L","2025"
"13","11","164.32","6","151.84","W","2025"
"13","12","187.48","7","161.56","W","2025"
"13","13","196.14","8","164.7","W","2025"
"13","14","142.94","4","237.44","L","2025"
"14","1","164.62","4","168.18","L","2025"
"14","2","224.6","5","217.8","W","2025"
"14","3","204.82","9","140.96","W","2025"
"14","4","168.18","1","164.62","W","2025"
"14","5","217.8","2","224.6","L","2025"
"14","6","192.72","13","140.7","W","2025"
"14","7","156.86","8","143.62","W","2025"
"14","8","143.62","7","156.86","L","2025"
"14","9","140.96","3","204.82","L","2025"
"14","10","222.22","12","138.76","W","2025"
"14","11","219.64","14","134.74","W","2025"
"14","12","138.76","10","222.22","L","2025"
"14","13","140.7","6","192.72","L","2025"
"14","14","134.74","11","219.64","L","2025"
"15","2","223.72","10","220.3","W","2025"
"15","3","223.74","11","201.02","W","2025"
"15","5","195.92","7","247.38","L","2025"
"15","6","205.06","14","184.96","W","2025"
"15","7","247.38","5","195.92","W","2025"
"15","8","184.98","13","144.14","W","2025"
"15","9","174.16","12","149.58","W","2025"
"15","10","220.3","2","223.72","L","2025"
"15","11","201.02","3","223.74","L","2025"
"15","12","149.58","9","174.16","L","2025"
"15","13","144.14","8","184.98","L","2025"
"15","14","184.96","6","205.06","L","2025"
